<?xml version="1.0"?>
<!DOCTYPE hibernate-mapping PUBLIC "-//Hibernate/Hibernate Mapping DTD 3.0//EN"
"http://www.hibernate.org/dtd/hibernate-mapping-3.0.dtd">
<!-- Generated 15 Aug, 2022 9:34:09 PM by Hibernate Tools 4.3.1 -->
<hibernate-mapping>
    <class name="mypack.Productsinfo" table="productsinfo" catalog="product" optimistic-lock="version">
        <id name="pid" type="int">
            <column name="pid" />
            <generator class="assigned" />
        </id>
        <property name="pname" type="string">
            <column name="pname" length="20" />
        </property>
        <property name="ptype" type="string">
            <column name="ptype" length="20" />
        </property>
        <property name="prate" type="java.lang.Double">
            <column name="prate" precision="22" scale="0" />
        </property>
    </class>
</hibernate-mapping>
